{
    "loss": 0.5472524762153625,
    "accuracy": 0.9482758641242981
}