{
    "loss": 0.8741138577461243,
    "accuracy": 0.8965517282485962
}